id,date,owner,git_sha,config_hash,model,change_vs_ref,clean_f1,matched_f1,heldout_f1,echo_f1,wf1@0.5,wf1@oracle,eer_clean,eer_matched,eer_heldout,eer_echo,recall_spoof_noisy,recall_bona_noisy,progress_score,gpu_h,decision,notes,seed,half_b_wf1,ci_low,ci_high
LOCAL-qwen17-e2e-ep35,2026-10-03,,2e51b3f,41c455c521,exp/qwen-asr-1.7B-sls-e2e_epoch100_bs16_20260920231624/ckpt/best_model.pth,,92.87,52.45,56.35,71.34,65.94,77.02,4.92,23.89,29.09,17.10,49.34,89.80,,,,"local run, no RTC aug; trained on full pools",,,,
LOCAL-qwen17-e2e-merge5,2026-10-03,,2e51b3f,f4ae9d470e,merge:exp/qwen-asr-1.7B-sls-e2e_epoch100_bs16_20260920231624/model_merging_8_27_35_40_52/merge_list.txt,,85.26,66.60,67.61,80.07,72.55,77.15,5.16,24.59,28.27,15.92,76.48,69.53,,,,merge of epochs 8/27/35/40/52; no RTC aug; full pools,,72.65,,
LOCAL-qwen17-frozen-best,2026-10-03,,2e51b3f,1e14c23174,exp/qwen-asr-1.7B-sls-frozen_epoch100_bs16_20260920154952/ckpt/best_model.pth,,90.33,48.53,58.66,69.75,64.62,73.95,7.27,28.38,29.04,14.91,48.42,89.47,,,,"frozen backbone, best dev loss",,65.37,,
B0-level-screen,2026-10-04,,2e51b3f,81666c8638,exp/B0_qwen17_rtcaug_s1234_epoch10_bs16_20261003201121/ckpt/best_by_wf1.pth,"baseline (local recipe + RTC aug, train pools)",89.82,78.19,75.24,84.98,80.64,81.94,8.12,17.71,22.75,12.82,88.88,68.13,,5.03,,,1234,80.94,,
L1-level-screen,2026-10-04,,2e51b3f,9aba411dfd,exp/L1_qwen17_rtcaug_s1234_epoch10_bs16_20261004145828/ckpt/best_by_wf1.pth,B0 + level aug (A2.7a),91.02,78.20,72.59,83.98,80.08,80.93,7.89,19.97,25.33,13.06,94.49,51.93,,5.14,,,1234,79.90,,
B0-merge-top5,2026-10-07,tmarchitan,2e51b3f+dirty,eb0ca8b2df,merge:exp/B0_qwen17_rtcaug_s1234_epoch10_bs16_20261003201121/local_eval/ckpts/top5_merge_list.txt,"B0-level-screen run, merge of the top-5 epochs by half-A WF1 (6,5,3,2,7)",92.37,81.05,77.87,86.85,83.33,84.36,6.80,15.57,19.98,10.68,88.86,75.60,,5.03,promote,Current baseline for the B2 wave (half_B WF1 83.61). Progress 83.45.,1234,83.61,,
B1-stab-screen,2026-10-07,tmarchitan,e3efb01,d1f7dd13cf,merge:SLS_setup/exp/B1_qwen17_rtc_musan_lvl_stab_s1234_epoch30_bs16_20261006183011/top5_by_wf1/merge_list.txt,"B0-merge-top5 + MUSAN + level aug + stability recipe (AdamW, 10x head LR, warmup-cosine 30ep early-stopped at 13, clip 1, EMA 0.9995, label smoothing 0.05); merge top-5 by WF1",87.89,79.34,77.10,83.39,81.12,83.67,8.87,16.78,19.66,12.37,97.31,51.47,,6.70,drop,"label_smoothing x ce_weights 0.1/0.9 shifts the boundary (thr_oracle ~0.69 on all sets, clean R_bona 67%); best epoch = warmup epoch 1, cosine never annealed. Superseded by B2a. See docs/experiments-exploration/20261007_222414_00_B0_vs_B1_postmortem.md",1234,81.11,,
B2a-cos8-screen,2026-10-08,tmarchitan,23bd5a3,cd34454e8c,merge:SLS_setup/exp/B2a_qwen17_rtc_musan_lvl_cos8_s1234_epoch8_bs16_20261007231952/top5_by_wf1/merge_list.txt,"B1 aug (RTC+MUSAN+level) + stability recipe WITHOUT label smoothing; 8-epoch annealed warmup(5%)-cosine, lr 3e-5/head 3e-4, EMA 0.9995, no early stop, top-7 kept; merge top-5 (ep 8,6,7,4,5)",92.46,84.23,80.49,87.68,85.39,87.06,4.95,13.73,16.99,9.18,98.40,57.87,,4.40,promote,"Iteration 1 of the B2 wave. half_B WF1 +1.33 vs B0-merge-top5 (inside one-seed band) but oracle WF1 +2.33, noisy EER -2.24, heldout EER -4.26: real separability gain. Residual spoof bias: R_spf 98-99.7, R_bona 54-67 noisy / 78.6 clean; noise_only bona->spoof 94.7%. Report: docs/experiments-exploration/*_B2a_*.md",1234,84.95,,
B2b-lr1e5-screen,2026-10-08,tmarchitan,23bd5a3,9dec994bf5,merge:SLS_setup/exp/B2b_qwen17_rtc_musan_lvl_cos8_lr1e5_s1234_epoch8_bs16_20261008040736/top5_by_wf1/merge_list.txt,"B2a with --lr 1e-5 (head 1e-4) instead of 3e-5; merge top-5 (ep 7,5,8,2,4)",95.10,88.86,85.98,91.06,89.72,91.28,3.14,10.89,13.02,6.66,99.31,67.07,,4.27,promote,"Iteration 2 of the B2 wave. half_B WF1 +4.64 vs B2a (+5.98 vs B0-merge-top5), noisy EER 15.77->12.00, clean F1 95.10, R_bona +7..+10 on every set; still spoof-biased (R_spf 99.4+, R_bona 63-70 noisy). Final-epoch EMA alone (local_eval/epoch_8) = 90.34 half_B > merge 89.59. Report: docs/experiments-exploration/*_B2b_*.md",1234,89.59,,
B2b-lr1e5-ep8,2026-10-08,tmarchitan,23bd5a3,9a761c4607,SLS_setup/exp/B2b_qwen17_rtc_musan_lvl_cos8_lr1e5_s1234_epoch8_bs16_20261008040736/ckpt/epoch_8_dev_loss_0.155269.pth,B2b final-epoch EMA checkpoint alone (no merge),95.59,90.23,86.27,92.39,90.45,91.93,2.72,9.76,12.63,6.64,99.08,69.87,,4.27,revisit,Final-epoch readout per protocol; beats the top-5 merge by 0.75 half_B WF1,1234,90.34,,
B2c-lr5e6-screen,2026-10-08,tmarchitan,23bd5a3,f64661ec5c,merge:SLS_setup/exp/B2c_qwen17_rtc_musan_lvl_cos8_lr5e6_s1234_epoch8_bs16_20261008085023/top5_by_wf1/merge_list.txt,"B2b with --lr 5e-6 (head 5e-5) instead of 1e-5; merge top-5 (ep 7,8,6,5,3)",96.82,90.60,88.95,93.24,91.89,92.64,2.63,9.23,11.74,5.94,99.17,73.40,,4.10,promote,"Iteration 3 of the B2 wave. half_B WF1 +2.14 vs B2b merge, noisy EER 12.00->10.11, clean F1 96.82, R_bona +4..+8 on every set, oracle gap 0.87. Final-epoch EMA alone (local_eval/epoch_8) = 92.26. Report: docs/experiments-exploration/*_B2c_*.md",1234,91.73,,
B2c-lr5e6-ep8,2026-10-08,tmarchitan,23bd5a3,19368228e0,SLS_setup/exp/B2c_qwen17_rtc_musan_lvl_cos8_lr5e6_s1234_epoch8_bs16_20261008085023/ckpt/epoch_8_dev_loss_0.112342.pth,B2c final-epoch EMA checkpoint alone (no merge),97.42,91.18,89.55,93.45,92.48,92.72,2.51,8.82,11.36,5.55,99.15,75.00,,4.10,promote,Final-epoch readout; +1.92 vs B2b ep8; beats the B2c top-5 merge by 0.53,1234,92.26,,
B2d-cos10-screen,2026-10-08,tmarchitan,23bd5a3,f418c3fdcd,merge:SLS_setup/exp/B2d_qwen17_rtc_musan_lvl_cos10_lr5e6_s1234_epoch10_bs16_20261008132750/top5_by_wf1/merge_list.txt,"B2c with --num_epochs 10 instead of 8 (same warmup frac / cosine floor); merge top-5 (ep 10,8,9,3,6)",96.73,90.88,88.17,93.38,91.69,92.38,3.17,9.43,11.60,6.29,99.25,72.53,,5.11,drop,"Iteration 4 of the B2 wave. Null: half_B WF1 -0.16 vs B2c merge, final epoch 91.84 vs B2c ep8 92.26 (-0.42), noisy EER 10.44 vs 10.11; heldout -1.08, matched +0.70, echo +0.48: all inside the one-seed band. 8 epochs suffice at lr 5e-6. Report: docs/experiments-exploration/*_B2d_*.md",1234,91.57,,
B2d-cos10-ep10,2026-10-08,tmarchitan,23bd5a3,b9a2ac1bde,SLS_setup/exp/B2d_qwen17_rtc_musan_lvl_cos10_lr5e6_s1234_epoch10_bs16_20261008132750/ckpt/epoch_10_dev_loss_0.140598.pth,B2d final-epoch EMA checkpoint alone,97.18,90.78,88.38,94.03,91.86,92.34,2.86,8.97,11.86,6.16,98.88,73.87,,5.11,drop,"Final-epoch readout; -0.42 vs B2c ep8, inside the band",1234,91.84,,
B2e-lr2.5e6-screen,2026-10-08,tmarchitan,23bd5a3,b7b6e711de,merge:SLS_setup/exp/B2e_qwen17_rtc_musan_lvl_cos8_lr2.5e6_s1234_epoch8_bs16_20261008185925/top5_by_wf1/merge_list.txt,"B2c with the LR schedule halved: --lr 2.5e-6 --lr_min 5e-7 (same cosine shape); merge top-5 (ep 8,4,6,5,7)",97.67,91.64,88.84,94.33,92.47,92.79,3.51,8.37,11.58,6.13,98.82,75.87,,4.08,revisit,"Iteration 5 (last) of the B2 wave. half_B WF1 +0.61 vs B2c merge, final epoch 92.53 vs 92.26 (+0.26): inside the pre-registered +-0.5 band, so the LR series turned over (5e-6 and 2.5e-6 equivalent). noisy EER 9.68 (merge) / 9.27 (ep8), clean F1 97.67/98.09. heldout -0.48, matched +1.49, echo +2.05. 2-ckpt avg of B2c-ep8+B2e-ep8 = 91.87 (worse: different basins). Report: docs/experiments-exploration/*_B2e_*.md",1234,92.34,,
B2e-lr2.5e6-ep8,2026-10-08,tmarchitan,23bd5a3,a927e62ef4,SLS_setup/exp/B2e_qwen17_rtc_musan_lvl_cos8_lr2.5e6_s1234_epoch8_bs16_20261008185925/ckpt/epoch_8_dev_loss_0.126069.pth,B2e final-epoch EMA checkpoint alone,98.09,91.95,88.61,94.64,92.62,92.83,3.35,8.13,11.17,5.87,98.58,76.73,,4.08,revisit,"Final-epoch readout; +0.26 vs B2c ep8, inside the band; best single checkpoint of the wave on half_B (92.53)",1234,92.53,,
